<?xml version="1.0" encoding="utf-8" standalone="yes" ?>
<rss version="2.0" xmlns:atom="http://www.w3.org/2005/Atom">
  <channel>
    <title>Ali Farahani</title>
    <link>https://alifarahani.com/</link>
      <atom:link href="https://alifarahani.com/index.xml" rel="self" type="application/rss+xml" />
    <description>Ali Farahani</description>
    <generator>Hugo Blox Builder (https://hugoblox.com)</generator><language>en-us</language><lastBuildDate>Mon, 24 Oct 2022 00:00:00 +0000</lastBuildDate>
    <image>
      <url>https://alifarahani.com/media/icon_hu7729264130191091259.png</url>
      <title>Ali Farahani</title>
      <link>https://alifarahani.com/</link>
    </image>
    
    <item>
      <title>MSc Thesis - LaTeX project</title>
      <link>https://alifarahani.com/publication/msc_thesis_latex/</link>
      <pubDate>Mon, 01 Jul 2024 00:00:00 +0000</pubDate>
      <guid>https://alifarahani.com/publication/msc_thesis_latex/</guid>
      <description>&lt;div class=&#34;flex px-4 py-3 mb-6 rounded-md bg-primary-100 dark:bg-primary-900&#34;&gt;
&lt;span class=&#34;pr-3 pt-1 text-primary-600 dark:text-primary-300&#34;&gt;
  &lt;svg height=&#34;24&#34; xmlns=&#34;http://www.w3.org/2000/svg&#34; viewBox=&#34;0 0 24 24&#34;&gt;&lt;path fill=&#34;none&#34; stroke=&#34;currentColor&#34; stroke-linecap=&#34;round&#34; stroke-linejoin=&#34;round&#34; stroke-width=&#34;1.5&#34; d=&#34;m11.25 11.25l.041-.02a.75.75 0 0 1 1.063.852l-.708 2.836a.75.75 0 0 0 1.063.853l.041-.021M21 12a9 9 0 1 1-18 0a9 9 0 0 1 18 0m-9-3.75h.008v.008H12z&#34;/&gt;&lt;/svg&gt;
&lt;/span&gt;
  &lt;span class=&#34;dark:text-neutral-300&#34;&gt;Click the &lt;em&gt;Cite&lt;/em&gt; button above to demo the feature to enable visitors to import publication metadata into their reference management software.&lt;/span&gt;
&lt;/div&gt;
&lt;div class=&#34;flex px-4 py-3 mb-6 rounded-md bg-primary-100 dark:bg-primary-900&#34;&gt;
&lt;span class=&#34;pr-3 pt-1 text-primary-600 dark:text-primary-300&#34;&gt;
  &lt;svg height=&#34;24&#34; xmlns=&#34;http://www.w3.org/2000/svg&#34; viewBox=&#34;0 0 24 24&#34;&gt;&lt;path fill=&#34;none&#34; stroke=&#34;currentColor&#34; stroke-linecap=&#34;round&#34; stroke-linejoin=&#34;round&#34; stroke-width=&#34;1.5&#34; d=&#34;m11.25 11.25l.041-.02a.75.75 0 0 1 1.063.852l-.708 2.836a.75.75 0 0 0 1.063.853l.041-.021M21 12a9 9 0 1 1-18 0a9 9 0 0 1 18 0m-9-3.75h.008v.008H12z&#34;/&gt;&lt;/svg&gt;
&lt;/span&gt;
  &lt;span class=&#34;dark:text-neutral-300&#34;&gt;Create your slides in Markdown - click the &lt;em&gt;Slides&lt;/em&gt; button to check out the example.&lt;/span&gt;
&lt;/div&gt;
&lt;p&gt;Add the publication&amp;rsquo;s &lt;strong&gt;full text&lt;/strong&gt; or &lt;strong&gt;supplementary notes&lt;/strong&gt; here. You can use rich formatting such as including &lt;a href=&#34;https://docs.hugoblox.com/content/writing-markdown-latex/&#34;&gt;code, math, and images&lt;/a&gt;.&lt;/p&gt;
</description>
    </item>
    
    <item>
      <title>MSc Thesis - Presentation</title>
      <link>https://alifarahani.com/publication/msc_thesis_pres/</link>
      <pubDate>Mon, 01 Jul 2024 00:00:00 +0000</pubDate>
      <guid>https://alifarahani.com/publication/msc_thesis_pres/</guid>
      <description>&lt;div class=&#34;flex px-4 py-3 mb-6 rounded-md bg-primary-100 dark:bg-primary-900&#34;&gt;
&lt;span class=&#34;pr-3 pt-1 text-primary-600 dark:text-primary-300&#34;&gt;
  &lt;svg height=&#34;24&#34; xmlns=&#34;http://www.w3.org/2000/svg&#34; viewBox=&#34;0 0 24 24&#34;&gt;&lt;path fill=&#34;none&#34; stroke=&#34;currentColor&#34; stroke-linecap=&#34;round&#34; stroke-linejoin=&#34;round&#34; stroke-width=&#34;1.5&#34; d=&#34;m11.25 11.25l.041-.02a.75.75 0 0 1 1.063.852l-.708 2.836a.75.75 0 0 0 1.063.853l.041-.021M21 12a9 9 0 1 1-18 0a9 9 0 0 1 18 0m-9-3.75h.008v.008H12z&#34;/&gt;&lt;/svg&gt;
&lt;/span&gt;
  &lt;span class=&#34;dark:text-neutral-300&#34;&gt;Click the &lt;em&gt;Cite&lt;/em&gt; button above to demo the feature to enable visitors to import publication metadata into their reference management software.&lt;/span&gt;
&lt;/div&gt;
&lt;div class=&#34;flex px-4 py-3 mb-6 rounded-md bg-primary-100 dark:bg-primary-900&#34;&gt;
&lt;span class=&#34;pr-3 pt-1 text-primary-600 dark:text-primary-300&#34;&gt;
  &lt;svg height=&#34;24&#34; xmlns=&#34;http://www.w3.org/2000/svg&#34; viewBox=&#34;0 0 24 24&#34;&gt;&lt;path fill=&#34;none&#34; stroke=&#34;currentColor&#34; stroke-linecap=&#34;round&#34; stroke-linejoin=&#34;round&#34; stroke-width=&#34;1.5&#34; d=&#34;m11.25 11.25l.041-.02a.75.75 0 0 1 1.063.852l-.708 2.836a.75.75 0 0 0 1.063.853l.041-.021M21 12a9 9 0 1 1-18 0a9 9 0 0 1 18 0m-9-3.75h.008v.008H12z&#34;/&gt;&lt;/svg&gt;
&lt;/span&gt;
  &lt;span class=&#34;dark:text-neutral-300&#34;&gt;Create your slides in Markdown - click the &lt;em&gt;Slides&lt;/em&gt; button to check out the example.&lt;/span&gt;
&lt;/div&gt;
&lt;p&gt;Add the publication&amp;rsquo;s &lt;strong&gt;full text&lt;/strong&gt; or &lt;strong&gt;supplementary notes&lt;/strong&gt; here. You can use rich formatting such as including &lt;a href=&#34;https://docs.hugoblox.com/content/writing-markdown-latex/&#34;&gt;code, math, and images&lt;/a&gt;.&lt;/p&gt;
</description>
    </item>
    
    <item>
      <title>🎉 I graduated with an MSc from Sharif University of Technology!</title>
      <link>https://alifarahani.com/post/get-started/</link>
      <pubDate>Tue, 18 Jun 2024 00:00:00 +0000</pubDate>
      <guid>https://alifarahani.com/post/get-started/</guid>
      <description>&lt;p&gt;So delighted to announce 👋&lt;/p&gt;



&lt;details class=&#34;print:hidden xl:hidden&#34; open&gt;
  &lt;summary&gt;Table of Contents&lt;/summary&gt;
  &lt;div class=&#34;text-sm&#34;&gt;
  &lt;nav id=&#34;TableOfContents&#34;&gt;
  &lt;ul&gt;
    &lt;li&gt;&lt;a href=&#34;#i-finished-my-msc-degree&#34;&gt;I finished my MSc degree!&lt;/a&gt;&lt;/li&gt;
  &lt;/ul&gt;
&lt;/nav&gt;
  &lt;/div&gt;
&lt;/details&gt;

&lt;h2 id=&#34;i-finished-my-msc-degree&#34;&gt;I finished my MSc degree!&lt;/h2&gt;
&lt;p&gt;Finally, after three years of hard work, I defended my thesis with an EXCELLENT score! Thanks to all the collaborators who helped me in this adventure, especially Dr. Asadi, Elham Adibi, and Dr. Ajdari.&lt;/p&gt;
</description>
    </item>
    
    <item>
      <title>Projects</title>
      <link>https://alifarahani.com/projects/</link>
      <pubDate>Sun, 19 May 2024 00:00:00 +0000</pubDate>
      <guid>https://alifarahani.com/projects/</guid>
      <description></description>
    </item>
    
    <item>
      <title>Pandas</title>
      <link>https://alifarahani.com/project/pandas/</link>
      <pubDate>Thu, 26 Oct 2023 00:00:00 +0000</pubDate>
      <guid>https://alifarahani.com/project/pandas/</guid>
      <description>&lt;p&gt;Flexible and powerful data analysis / manipulation library for Python, providing labeled data structures.&lt;/p&gt;</description>
    </item>
    
    <item>
      <title>PyTorch</title>
      <link>https://alifarahani.com/project/pytorch/</link>
      <pubDate>Thu, 26 Oct 2023 00:00:00 +0000</pubDate>
      <guid>https://alifarahani.com/project/pytorch/</guid>
      <description>&lt;p&gt;PyTorch is a Python package that provides tensor computation (like NumPy) with strong GPU acceleration.&lt;/p&gt;</description>
    </item>
    
    <item>
      <title>scikit-learn</title>
      <link>https://alifarahani.com/project/scikit/</link>
      <pubDate>Thu, 26 Oct 2023 00:00:00 +0000</pubDate>
      <guid>https://alifarahani.com/project/scikit/</guid>
      <description>&lt;p&gt;scikit-learn is a Python module for machine learning built on top of SciPy and is distributed under the 3-Clause BSD license.&lt;/p&gt;</description>
    </item>
    
    <item>
      <title>Experience</title>
      <link>https://alifarahani.com/experience/</link>
      <pubDate>Tue, 24 Oct 2023 00:00:00 +0000</pubDate>
      <guid>https://alifarahani.com/experience/</guid>
      <description></description>
    </item>
    
  </channel>
</rss>
