<?xml version="1.0" encoding="utf-8" standalone="yes" ?>
<rss version="2.0" xmlns:atom="http://www.w3.org/2005/Atom">
  <channel>
    <title>Blog | Ali Farahani</title>
    <link>https://alifarahani.com/post/</link>
      <atom:link href="https://alifarahani.com/post/index.xml" rel="self" type="application/rss+xml" />
    <description>Blog</description>
    <generator>Hugo Blox Builder (https://hugoblox.com)</generator><language>en-us</language><lastBuildDate>Tue, 18 Jun 2024 00:00:00 +0000</lastBuildDate>
    <image>
      <url>https://alifarahani.com/media/icon_hu7729264130191091259.png</url>
      <title>Blog</title>
      <link>https://alifarahani.com/post/</link>
    </image>
    
    <item>
      <title>🎉 I graduated with an MSc from Sharif University of Technology!</title>
      <link>https://alifarahani.com/post/get-started/</link>
      <pubDate>Tue, 18 Jun 2024 00:00:00 +0000</pubDate>
      <guid>https://alifarahani.com/post/get-started/</guid>
      <description>&lt;p&gt;So delighted to announce 👋&lt;/p&gt;



&lt;details class=&#34;print:hidden xl:hidden&#34; open&gt;
  &lt;summary&gt;Table of Contents&lt;/summary&gt;
  &lt;div class=&#34;text-sm&#34;&gt;
  &lt;nav id=&#34;TableOfContents&#34;&gt;
  &lt;ul&gt;
    &lt;li&gt;&lt;a href=&#34;#i-finished-my-msc-degree&#34;&gt;I finished my MSc degree!&lt;/a&gt;&lt;/li&gt;
  &lt;/ul&gt;
&lt;/nav&gt;
  &lt;/div&gt;
&lt;/details&gt;

&lt;h2 id=&#34;i-finished-my-msc-degree&#34;&gt;I finished my MSc degree!&lt;/h2&gt;
&lt;p&gt;Finally, after three years of hard work, I defended my thesis with an EXCELLENT score! Thanks to all the collaborators who helped me in this adventure, especially Dr. Asadi, Elham Adibi, and Dr. Ajdari.&lt;/p&gt;
</description>
    </item>
    
  </channel>
</rss>
